window_plan,experiment,model,n_splits,window_accuracy_mean,window_accuracy_std,window_accuracy_min,window_accuracy_max,window_macro_f1_mean,window_macro_f1_std,window_macro_f1_min,window_macro_f1_max,window_mae_mil_mean,window_mae_mil_std,window_mae_mil_min,window_mae_mil_max,window_rmse_mil_mean,window_rmse_mil_std,window_rmse_mil_min,window_rmse_mil_max,file_accuracy_mean,file_accuracy_std,file_accuracy_min,file_accuracy_max,file_macro_f1_mean,file_macro_f1_std,file_macro_f1_min,file_macro_f1_max,file_mae_mil_mean,file_mae_mil_std,file_mae_mil_min,file_mae_mil_max,file_rmse_mil_mean,file_rmse_mil_std,file_rmse_mil_min,file_rmse_mil_max
no_overlap,dual101,Cnn1d,3,0.9742837203400584,0.025696334091816434,0.9391891891891891,1.0,0.9778233229339531,0.022859543793541305,0.9463638195004029,1.0,2.134432872136434,0.46574937275862405,1.4907100200653076,2.577122211456299,2.9160903294881186,0.7508320793903961,1.8799448013305664,3.635222911834717,0.9777777777777779,0.03142696805273544,0.9333333333333333,1.0,0.9805194805194805,0.027549614851423914,0.9415584415584416,1.0,1.8839854796727498,0.4965698277606148,1.2281262874603271,2.4293062686920166,2.5496535301208496,0.837348005777931,1.4152138233184814,3.411003351211548
no_overlap,dual101,CnnGru,3,0.9840467577876132,0.02177029758905526,0.9532657657657657,1.0,0.9822938914278877,0.024174539520510276,0.948113325796113,1.0,1.045419176419576,0.5041006061799165,0.6637269258499146,1.7577146291732788,1.965028206507365,0.9641542302562418,1.0250433683395386,3.290421962738037,0.9777777777777779,0.03142696805273544,0.9333333333333333,1.0,0.9805194805194805,0.027549614851423914,0.9415584415584416,1.0,0.874344935019811,0.519040023818792,0.42995771765708923,1.602496862411499,1.5730741222699482,1.07169192653955,0.5509975552558899,3.0532898902893066
no_overlap,dual101,CnnLstm,3,0.973725516892609,0.014983787001934402,0.9532657657657657,0.9887323943661972,0.9754415477382024,0.01634122936244467,0.9526386635390923,0.9900949153851092,1.1582877039909363,0.4691815720090645,0.7998591661453247,1.8210759162902832,2.2021891276041665,1.0547948985389155,1.164306640625,3.6490249633789062,1.0,0.0,1.0,1.0,1.0,0.0,1.0,1.0,0.9314152201016744,0.4588183307345684,0.5443223714828491,1.575950264930725,1.6950966715812683,1.1946009388543102,0.6982600092887878,3.3747620582580566
no_overlap,109DEFE,Cnn1d,3,0.9585732684509086,0.01803495851532685,0.9343610144206862,0.9776230730979613,0.9653544354077463,0.014876869357827593,0.9461864218188332,0.9824499203607436,2.5635902881622314,0.3492017210359791,2.2891952991485596,3.0563764572143555,3.649075667063395,0.3534765562244593,3.3692820072174072,4.1477274894714355,0.9607843137254902,0.027729677693590107,0.9411764705882353,1.0,0.9657046657046657,0.024262553009161438,0.9476190476190476,1.0,2.178487539291382,0.3549539096014973,1.882072925567627,2.677539825439453,3.298056681950887,0.3753099824295316,3.0128023624420166,3.8283162117004395
no_overlap,109DEFE,CnnGru,3,0.9812705068307452,0.01827292005139527,0.95574341123819,0.9975161450571287,0.9831522920744162,0.014194568871989825,0.96308896722001,0.9937548529447933,1.2774094740549724,0.5318148897338055,0.7638399600982666,2.010035991668701,2.3525668382644653,0.8612464956126717,1.1688376665115356,3.192840814590454,1.0,0.0,1.0,1.0,1.0,0.0,1.0,1.0,1.0812216798464458,0.635408084099501,0.42494672536849976,1.9409534931182861,1.9098225434621174,0.9013478347182663,0.6743910312652588,2.7994272708892822
no_overlap,109DEFE,CnnLstm,3,0.9849169524561426,0.00988243008197537,0.9741422178020885,0.998012916045703,0.9861035592544584,0.007348970566951404,0.9779328527525292,0.9957513507329789,1.2392748594284058,0.49860660003295254,0.6863303184509277,1.89469575881958,2.197444796562195,1.0313235420604592,0.9784802198410034,3.500494956970215,1.0,0.0,1.0,1.0,1.0,0.0,1.0,1.0,0.8639611701170603,0.5072452530127156,0.2745821177959442,1.51279878616333,1.6321753958861034,1.1023146385715685,0.3402974307537079,3.0337166786193848
no_overlap,101DEFE,Cnn1d,3,0.9478265141860813,0.025330314208301688,0.9138513513513513,0.9746478873239437,0.9576344246223331,0.020339158779449012,0.9306092333953331,0.9796764603781588,2.5232981046040854,0.40484704057489906,2.227741003036499,3.0957367420196533,3.4277260303497314,0.6301871755702219,2.6866979598999023,4.227031230926514,0.9777777777777779,0.03142696805273544,0.9333333333333333,1.0,0.9805194805194805,0.027549614851423914,0.9415584415584416,1.0,2.1241668065389,0.4235495288229435,1.8065154552459717,2.7227816581726074,3.0615535577138266,0.700366293367085,2.2012434005737305,3.9167606830596924
no_overlap,101DEFE,CnnGru,3,0.9626503547267099,0.007445507144683761,0.9521396396396397,0.9684507042253521,0.9637315069035841,0.008416020273598767,0.9572178014687154,0.9756152262016061,1.6648677190144856,0.35738531706468485,1.3559476137161255,2.1657562255859375,2.932379404703776,0.22594387944498953,2.723796844482422,3.2463035583496094,0.9777777777777779,0.03142696805273544,0.9333333333333333,1.0,0.9805194805194805,0.027549614851423914,0.9415584415584416,1.0,1.4120142857233684,0.24900578006970134,1.2318836450576782,1.7641302347183228,2.3621824582417807,0.29083360019995147,2.098787784576416,2.767455577850342
no_overlap,101DEFE,CnnLstm,3,0.9358178798889721,0.020754672620637845,0.9161036036036037,0.9645070422535211,0.9415179025372331,0.019447401213342114,0.9257482041622886,0.9689165822251864,2.023278832435608,0.4372679675760379,1.5363705158233643,2.596877098083496,3.1647403240203857,0.8245731575124677,2.075644016265869,4.0702362060546875,0.9555555555555556,0.03142696805273544,0.9333333333333333,1.0,0.9567099567099567,0.031066450420795057,0.9285714285714286,1.0,1.6972182591756184,0.411284581667193,1.3614468574523926,2.276413679122925,2.6444682280222573,0.7553539346299509,1.7688839435577393,3.6122164726257324
no_overlap,109DE,Cnn1d,3,0.9395239578575493,0.032308950015028245,0.9085032322227747,0.984087518647439,0.9488479686918065,0.02590205173569677,0.9225927511197395,0.9840973334854592,2.234334707260132,0.5558544264730297,1.4921612739562988,2.829798698425293,2.908762494723002,0.7514947073481005,1.8523379564285278,3.537432909011841,0.9607843137254902,0.027729677693590107,0.9411764705882353,1.0,0.9683501683501684,0.022516166326330612,0.9494949494949495,1.0,1.875662088394165,0.5551724214773661,1.1265811920166016,2.453876256942749,2.4704264402389526,0.8544138785650486,1.2644180059432983,3.138179063796997
no_overlap,109DE,CnnGru,3,0.9665229217446122,0.035226257874930944,0.9174540029835903,0.9985082048731975,0.9719921234017322,0.030476457214294154,0.9293681346968478,0.9988375033964788,1.0763982931772869,0.3871771919758735,0.5439499616622925,1.453226923942566,1.880069891611735,0.7291685480188296,0.8575170040130615,2.506755828857422,0.9803921568627452,0.027729677693590107,0.9411764705882353,1.0,0.9831649831649831,0.023808309130860184,0.9494949494949495,1.0,0.8421048621336619,0.45769420298043123,0.20531055331230164,1.2609795331954956,1.4803661902745564,0.8510487872931609,0.27696192264556885,2.099088430404663
no_overlap,109DE,CnnLstm,3,0.9428270361661303,0.023674366033663165,0.9094977623073098,0.9622454048683556,0.9535366751190645,0.020713957597318235,0.9244482813351189,0.9710810502253829,1.1498430172602336,0.30518832314222316,0.7406688928604126,1.4733513593673706,2.026421229044596,0.44458840107707115,1.3985300064086914,2.368699312210083,0.9803921568627452,0.027729677693590107,0.9411764705882353,1.0,0.9831649831649831,0.023808309130860184,0.9494949494949495,1.0,0.8869415124257406,0.35763752283597244,0.43341976404190063,1.3075977563858032,1.5809086163838704,0.44796338400543745,0.9524557590484619,1.9643596410751343
no_overlap,101DE,Cnn1d,3,0.9442631949679354,0.027352067613009564,0.911036036036036,0.9780281690140845,0.9536092548624211,0.02396997846495322,0.9238853347083306,0.9825852586343264,2.1724793116251626,0.3777648345617672,1.6384563446044922,2.4526820182800293,2.814980983734131,0.5779262578722547,2.0396571159362793,3.426591157913208,0.9777777777777779,0.03142696805273544,0.9333333333333333,1.0,0.9805194805194805,0.027549614851423914,0.9415584415584416,1.0,1.8823916117350261,0.39779492468477845,1.3203730583190918,2.184908151626587,2.4631713231404624,0.6375612942137047,1.6139326095581055,3.150129795074463
no_overlap,101DE,CnnGru,3,0.9581506094536839,0.039593377822682685,0.9042792792792793,0.9983098591549295,0.9640692120504815,0.035977287323192816,0.9144657578283211,0.9986776104431886,1.136220932006836,0.26389177033672545,0.8066240549087524,1.4526199102401733,1.873966375986735,0.5807533174919545,1.1484283208847046,2.570063352584839,0.9777777777777779,0.03142696805273544,0.9333333333333333,1.0,0.9805194805194805,0.027549614851423914,0.9415584415584416,1.0,0.8427737156550089,0.27263751783622625,0.4729665517807007,1.1221697330474854,1.4462177554766338,0.6692465705269975,0.561494767665863,2.1797585487365723
no_overlap,101DE,CnnLstm,3,0.9292357053051212,0.02012974293784878,0.9076576576576577,0.9561057962858751,0.9396829631815828,0.018438341332641484,0.9212047862040003,0.9648555502923764,1.000804603099823,0.20962643836449008,0.7881839871406555,1.286026120185852,1.9958489338556926,0.423034594876005,1.4019032716751099,2.3549411296844482,0.9555555555555556,0.03142696805273544,0.9333333333333333,1.0,0.9622044622044622,0.026763574650579464,0.9415584415584416,1.0,0.7654183904329935,0.24503317737430647,0.45592212677001953,1.0551514625549316,1.4625832239786785,0.5707819268689134,0.6824078559875488,2.032066583633423
overlap50,dual101,Cnn1d,3,0.9733542906775677,0.034518941939259536,0.9245762711864407,0.9994358251057828,0.9767997710176384,0.030037361273955468,0.9343540374226129,0.9994835906337844,1.8958816925684612,0.4839178033210164,1.2247413396835327,2.3473942279815674,2.6739995876948037,0.812743501179785,1.5469869375228882,3.4329793453216553,0.9777777777777779,0.03142696805273544,0.9333333333333333,1.0,0.9805194805194805,0.027549614851423914,0.9415584415584416,1.0,1.6407381892204285,0.48707282634578497,0.995725691318512,2.172598361968994,2.357896327972412,0.8574333007991232,1.1955955028533936,3.238346576690674
overlap50,dual101,CnnGru,3,0.9859765086498848,0.011084847858924647,0.9720338983050848,0.9991537376586742,0.9859678000102226,0.012523212569887924,0.969098886303544,0.9990740972261356,1.0509600440661113,0.4606750584767335,0.4678043723106384,1.594091773033142,2.0049771467844644,0.871043045168881,0.8564450740814209,2.964897871017456,1.0,0.0,1.0,1.0,1.0,0.0,1.0,1.0,0.8954904576142629,0.4755040325845567,0.29671522974967957,1.4599390029907227,1.6607691943645477,0.8914196681314549,0.4692741930484772,2.6131653785705566
overlap50,dual101,CnnLstm,3,0.9824942427067646,0.012769160207931696,0.9652542372881356,0.995768688293371,0.9844098641835363,0.012622413737149289,0.9670783166366244,0.9967771359712443,0.8470242818196615,0.13557857599471593,0.6558233499526978,0.955033540725708,1.5397698879241943,0.16347113644731703,1.3779642581939697,1.7636706829071045,1.0,0.0,1.0,1.0,1.0,0.0,1.0,1.0,0.5781948665777842,0.1647316225347634,0.4034517705440521,0.7989957928657532,1.0398758053779602,0.28089158793090446,0.8384171724319458,1.4371029138565063
overlap50,109DEFE,Cnn1d,3,0.9755679277900865,0.024914890430264514,0.9403990024937656,0.9950199203187251,0.9795358381342002,0.02028824734755859,0.9509661941856362,0.9961121779772295,2.1934489409128823,0.6675783446396325,1.5584142208099365,3.115978240966797,3.0558812618255615,0.9193412653568689,1.9984686374664307,4.239714622497559,0.9803921568627452,0.027729677693590107,0.9411764705882353,1.0,0.9831649831649831,0.023808309130860184,0.9494949494949495,1.0,1.7974345684051514,0.7487702802590874,1.1156189441680908,2.840005397796631,2.6456617514292398,1.088408276395097,1.322810411453247,3.9886276721954346
overlap50,109DEFE,CnnGru,3,0.9769083681897515,0.011464975862755557,0.9653366583541148,0.9925298804780877,0.9774823220328094,0.011828979287582383,0.9679149063718402,0.9941502860308781,1.3129984935124714,0.3764827917061024,0.8150225877761841,1.7251548767089844,2.4313674767812095,0.0656878217587764,2.3386974334716797,2.4833178520202637,1.0,0.0,1.0,1.0,1.0,0.0,1.0,1.0,1.1217891971270244,0.28871921335846223,0.7315484881401062,1.4209399223327637,1.9425168832143147,0.14141139197182856,1.8232585191726685,2.14117431640625
overlap50,109DEFE,CnnLstm,3,0.9750010763264482,0.01841615067944357,0.9561752988047809,1.0,0.9795632522926141,0.014827190826919608,0.9652800427613906,1.0,1.188167264064153,0.6591904983808354,0.25748565793037415,1.7001125812530518,2.37657963236173,1.3447250584080772,0.4995013177394867,3.5794310569763184,1.0,0.0,1.0,1.0,1.0,0.0,1.0,1.0,0.9282504916191101,0.5780289669615737,0.11336809396743774,1.3918275833129883,1.9154289414485295,1.2431319306738753,0.1746050864458084,2.998478412628174
overlap50,101DEFE,Cnn1d,3,0.9670571266923255,0.026251124544188827,0.9305084745762712,0.9909732016925247,0.9720216155182803,0.0214546262924355,0.9419591266790961,0.9906076535489761,2.3346593777338662,0.46031299280236704,1.7421046495437622,2.864370346069336,3.2499597867329917,0.7955694919226504,2.152951240539551,4.014855861663818,0.9777777777777779,0.03142696805273544,0.9333333333333333,1.0,0.9805194805194805,0.027549614851423914,0.9415584415584416,1.0,1.9047057231267293,0.5017614829405865,1.266048550605774,2.4918675422668457,2.878922979036967,0.8997510673299202,1.627761960029602,3.7051899433135986
overlap50,101DEFE,CnnGru,3,0.9691374552099852,0.01340476575486507,0.9553672316384181,0.9873060648801129,0.9698112837289777,0.014369674584074163,0.9595557657971777,0.9901327777669783,1.9306869904200237,0.5125376627290001,1.511955976486206,2.652439594268799,3.2914679845174155,0.15296073425351148,3.1030218601226807,3.477677583694458,0.9777777777777779,0.03142696805273544,0.9333333333333333,1.0,0.9805194805194805,0.027549614851423914,0.9415584415584416,1.0,1.6841554641723633,0.5886583494314602,1.2095212936401367,2.513772964477539,2.653517802556356,0.4353838970099476,2.0901153087615967,3.1503281593322754
overlap50,101DEFE,CnnLstm,3,0.9678179925042301,0.022689080109548076,0.9488700564971752,0.9997179125528914,0.9724358599730994,0.019767512119477408,0.9537732227073794,0.9997924741876316,1.0808779497941334,0.4940451834802701,0.4997805655002594,1.707381010055542,2.194285293420156,1.1396618050465637,0.8556830286979675,3.640986919403076,0.9777777777777779,0.03142696805273544,0.9333333333333333,1.0,0.9805194805194805,0.027549614851423914,0.9415584415584416,1.0,0.8121007879575094,0.5381321769789721,0.2754009962081909,1.5477240085601807,1.4967629412810008,1.1919941666274079,0.39446064829826355,3.152437686920166
overlap50,109DE,Cnn1d,3,0.9417641570045671,0.03307772304688355,0.8957605985037407,0.9721115537848606,0.9513482825335551,0.026290305155604227,0.9142300842325782,0.9717647276209134,2.136165420214335,0.4515457354799476,1.5362406969070435,2.625622034072876,2.797217051188151,0.6985393416511185,1.9068679809570312,3.6130595207214355,0.9803921568627452,0.027729677693590107,0.9411764705882353,1.0,0.9831649831649831,0.023808309130860184,0.9494949494949495,1.0,1.793949802716573,0.4656460186504571,1.2181236743927002,2.358553171157837,2.4121175607045493,0.7758779306401556,1.4383320808410645,3.336944341659546
overlap50,109DE,CnnGru,3,0.9669223769924459,0.03805103822938421,0.9134663341645886,0.999003984063745,0.9723192221195723,0.032672640881376246,0.926332301874423,0.9992055690912308,1.2497584819793701,0.30776619947034256,0.8234989643096924,1.539093017578125,2.475274364153544,0.8594283469218397,1.2706884145736694,3.217764139175415,0.9803921568627452,0.027729677693590107,0.9411764705882353,1.0,0.9831649831649831,0.023808309130860184,0.9494949494949495,1.0,1.0283004244168599,0.3315809712316461,0.5764331221580505,1.3627737760543823,2.114282488822937,0.8901975929837251,0.8571943044662476,2.801772356033325
overlap50,109DE,CnnLstm,3,0.9333877292161362,0.02172392024196998,0.9092269326683292,0.961902390438247,0.9455649843407822,0.01948822301405931,0.922444596042375,0.9701164058402681,1.0972642699877422,0.17260487807938601,0.884335458278656,1.3070952892303467,2.0154019594192505,0.3998908007920423,1.4728542566299438,2.424880266189575,0.9607843137254902,0.027729677693590107,0.9411764705882353,1.0,0.9674954674954676,0.02302845861362159,0.9494949494949495,1.0,0.8553778330485026,0.187920141698999,0.6315645575523376,1.0913879871368408,1.4973118702570598,0.42182024898039766,0.9084112644195557,1.874197244644165
overlap50,101DE,Cnn1d,3,0.9502201982049464,0.029103240044989074,0.918361581920904,0.9887165021156559,0.9569593673591609,0.02605568090954929,0.9275762507129364,0.9909076674525247,2.2165051698684692,0.26031458043914496,1.858035683631897,2.468336343765259,2.8160720666249595,0.41917753023328386,2.299983501434326,3.3267111778259277,0.9777777777777779,0.03142696805273544,0.9333333333333333,1.0,0.9805194805194805,0.027549614851423914,0.9415584415584416,1.0,1.891525427500407,0.28499063265528374,1.5091829299926758,2.193105697631836,2.447624444961548,0.45629654505454087,1.9085016250610352,3.024301052093506
overlap50,101DE,CnnGru,3,0.9577264601744054,0.05216060727368835,0.884180790960452,0.9994358251057828,0.963882885039574,0.04523123752442195,0.9000643290498884,0.9995592846848995,1.183600644270579,0.256615405294617,0.8716631531715393,1.5001883506774902,1.9693555037180583,0.5145077580505822,1.3725481033325195,2.628235340118408,0.9777777777777779,0.03142696805273544,0.9333333333333333,1.0,0.9805194805194805,0.027549614851423914,0.9415584415584416,1.0,0.9784978628158569,0.21881752682442676,0.7094696164131165,1.2454488277435303,1.6541974147160847,0.5182032377366701,0.9996596574783325,2.266925811767578
overlap50,101DE,CnnLstm,3,0.9535266243269876,0.001986524455418124,0.9511299435028249,0.9559943582510578,0.9610051611859208,0.0021366824289278863,0.9581766812849515,0.9633402126211802,1.4805041352907817,0.784054572342634,0.6082742810249329,2.5095133781433105,2.4691489934921265,1.0960328256726506,1.174052357673645,3.8542442321777344,1.0,0.0,1.0,1.0,1.0,0.0,1.0,1.0,1.2232585847377777,0.8308166668832908,0.38694503903388977,2.3561315536499023,1.967117687066396,1.1228948296279682,0.7054244875907898,3.433091163635254
